Region,year,marriage,divorce,income,grp,higher_edu,senior_edu,junior_edu,primary_edu,kindergarten_edu,birth,death,natural_growth,natural_disaster,urban_unemployment,mobile_owner,car_owner,patent
Beijing,2019,12.9,8.38,67756,35445.1,5320.0,1078.0,1433.0,4371,2171,8.12,5.49,2.63,5.2,7.4,186.66,590.32,226113
Tianjin,2019,9.64,7.47,42404,14055.5,4214.0,1673.0,1945.0,4500,1768,6.73,5.3,1.43,1.38,26.1,109.15,308.88,96045
Hebei,2019,42.13,25.57,25665,34978.6,2596.0,3053.0,3935.0,8988,3164,10.83,6.12,4.71,23.2,36.0,109.53,1647.85,101274
Shanxi,2019,25.5,9.12,23828,16961.6,2515.0,2815.0,3071.0,6168,2681,9.12,5.85,3.27,124.0,21.3,106.92,710.55,31705
Inner Mongolia,2019,16.18,9.98,30555,17212.5,2053.0,2330.0,2618.0,5379,2395,8.23,5.66,2.57,46.8,28.1,118.59,576.74,21069
Liaoning,2019,25.56,17.68,31820,24855.3,3136.0,2135.0,2328.0,4475,2099,6.45,7.25,-0.8,47.5,45.6,112.22,861.09,69732
Jilin,2019,18.08,12.98,24563,11726.8,3373.0,2134.0,2421.0,4385,1522,6.05,6.9,-0.85,51.7,23.9,107.69,451.11,31052
Heilongjiang,2019,24.44,18.68,24254,13544.4,2531.0,2054.0,2422.0,3389,1351,5.73,6.74,-1.01,221.4,34.7,104.74,516.11,37313
Shanghai,2019,9.87,6.17,69442,37987.6,3582.0,1070.0,1860.0,3409,2357,7.0,5.5,1.5,1.9,19.3,165.06,413.82,173586
Jiangsu,2019,56.94,29.95,41400,98656.8,3311.0,2410.0,3012.0,7113,3154,9.12,7.04,2.08,15.6,35.1,125.97,1912.66,594249
Zhejiang,2019,29.36,15.44,49899,62462.0,2509.0,2626.0,2853.0,6399,3377,10.51,5.52,4.99,552.6,34.4,149.34,1661.27,435883
Anhui,2019,54.16,25.01,26415,36845.5,2447.0,3109.0,3460.0,7307,3343,12.03,6.04,5.99,85.0,26.8,91.8,907.83,166871
Fujian,2019,24.03,11.24,35616,42326.6,2577.0,2677.0,3462.0,8485,4303,12.9,6.1,6.8,117.7,16.8,118.81,680.33,153133
Jiangxi,2019,28.87,13.19,26262,24667.3,3010.0,3400.0,4735.0,8852,3567,12.59,6.03,6.56,333.6,27.5,89.09,601.21,91474
Shandong,2019,53.3,28.46,31597,70540.5,2855.0,2720.0,3592.0,7351,3365,11.77,7.5,4.27,425.3,44.2,107.1,2333.73,263211
Henan,2019,76.45,35.65,23903,53717.8,2913.0,3685.0,4877.0,10541,4486,11.02,6.84,4.18,41.9,49.4,102.09,1612.09,144010
Hubei,2019,38.93,21.21,28319,45429.0,3248.0,2239.0,2795.0,6363,3005,11.35,7.08,4.27,100.7,37.6,95.97,861.06,141321
Hunan,2019,38.03,22.04,27680,39894.1,2873.0,2930.0,3598.0,7664,3299,10.39,7.28,3.11,243.1,31.1,96.09,870.59,106113
Guangdong,2019,67.45,24.81,39014,107986.9,2751.0,2855.0,3429.0,9108,4094,12.54,4.46,8.08,55.8,36.9,143.5,2326.38,807700
Guangxi,2019,33.03,14.27,23328,21237.1,2887.0,3843.0,4476.0,10049,4401,13.31,6.14,7.17,100.5,19.7,103.38,673.94,41900
Hainan,2019,6.56,2.15,26679,5330.8,2497.0,3361.0,3951.0,9134,4017,12.87,6.11,6.76,1.7,5.6,120.21,137.24,9302
Chongqing,2019,23.83,15.62,28920,23605.8,3258.0,3298.0,3597.0,6650,3167,10.48,7.57,2.91,19.6,17.5,117.75,461.6,67271
Sichuan,2019,61.32,31.94,24703,46363.8,2546.0,2776.0,3282.0,6663,3170,10.7,7.09,3.61,340.9,50.4,112.76,1196.95,131529
Guizhou,2019,36.24,16.61,20397,16769.3,2453.0,4170.0,4980.0,10786,4292,13.65,6.95,6.7,47.0,15.3,111.78,532.15,44328
Yunnan,2019,35.92,14.45,22082,23223.8,2401.0,3244.0,3821.0,7973,3103,12.63,6.2,6.43,102.1,22.9,100.1,742.09,35212
Tibet,2019,3.12,0.53,19501,1697.8,1588.0,2643.0,4064.0,9911,4118,14.6,4.46,10.14,1.7,2.1,91.69,55.88,2304
Shaanxi,2019,27.19,13.67,24666,25793.2,3812.0,2868.0,2908.0,7184,3596,10.55,6.28,4.27,58.8,23.8,119.72,675.96,92087
Gansu,2019,19.85,6.22,19139,8718.3,2396.0,2831.0,3344.0,7362,3537,10.6,6.75,3.85,46.5,10.8,103.92,343.3,27637
Qinghai,2019,5.77,1.85,22618,2941.1,1486.0,3490.0,3736.0,8267,3564,13.66,6.08,7.58,14.3,3.1,110.73,119.61,5017
Ningxia,2019,6.09,2.44,24412,3748.5,2581.0,3422.0,4343.0,8491,3602,13.72,5.69,8.03,2.9,5.0,119.24,157.91,9275
Xinjiang,2019,16.59,7.31,23103,13597.1,2106.0,3496.0,3929.0,10482,6110,8.14,4.45,3.69,41.9,8.4,108.79,436.13,14771
Beijing,2018,13.78,7.41,62361,33106.0,5268.0,1151.0,1285.0,4206,2076,8.24,5.58,2.66,18.8,7.9,186.11,574.04,211212
Tianjin,2018,9.75,6.41,39506,13362.9,4150.0,1752.0,1800.0,4324,1689,6.67,5.42,1.25,1.0,25.8,105.7,298.65,99038
Hebei,2018,45.87,23.45,23446,32494.6,2457.0,2885.0,3765.0,8761,3194,11.26,6.38,4.88,41.3,38.0,108.46,1529.98,83785
Shanxi,2018,27.85,8.75,21990,15958.1,2383.0,2919.0,3073.0,6172,2668,9.63,5.32,4.31,109.2,24.6,106.55,652.15,27106
Inner Mongolia,2018,17.69,9.88,28376,16140.8,1984.0,2449.0,2517.0,5306,2439,8.35,5.95,2.4,144.5,27.0,120.14,531.91,16426
Liaoning,2018,28.08,17.24,29701,23510.5,2866.0,2195.0,2255.0,4474,2091,6.39,7.39,-1.0,90.2,44.4,111.96,796.37,65686
Jilin,2018,19.32,12.88,22798,11253.8,3131.0,2076.0,2431.0,4424,1543,6.62,6.26,0.36,88.5,26.8,110.98,421.92,27034
Heilongjiang,2018,27.82,19.37,22726,12846.5,2405.0,2079.0,2462.0,3481,1378,5.98,6.67,-0.69,87.5,39.4,101.6,477.41,34582
Shanghai,2018,10.51,5.9,64183,36011.8,3517.0,1082.0,1789.0,3309,2363,7.2,5.4,1.8,0.9,19.4,153.57,393.37,150233
Jiangsu,2018,63.77,28.48,38096,93207.6,3143.0,2323.0,2812.0,6980,3183,9.32,7.03,2.29,41.3,34.4,121.65,1776.57,600306
Zhejiang,2018,33.73,15.42,45840,58002.8,2370.0,2581.0,2854.0,6374,3419,11.02,5.58,5.44,36.8,34.1,144.83,1532.95,455590
Anhui,2018,61.91,24.38,23984,34010.9,2245.0,3065.0,3344.0,7304,3313,12.41,5.96,6.45,138.2,28.1,87.54,814.2,207428
Fujian,2018,27.36,10.69,32644,38687.8,2355.0,2659.0,3291.0,8218,4306,13.2,6.2,7.0,38.1,17.3,115.54,622.82,166610
Jiangxi,2018,33.06,12.51,24080,22716.5,2771.0,3242.0,4478.0,9113,3490,13.43,6.06,7.37,58.8,35.1,87.0,537.55,86001
Shandong,2018,59.9,27.45,29205,66648.9,2588.0,2723.0,3455.0,7255,3074,13.26,7.18,6.08,289.6,46.5,105.2,2128.29,231585
Henan,2018,80.9,32.6,21964,49935.9,2653.0,3631.0,4727.0,10405,4582,11.72,6.8,4.92,63.5,48.6,97.39,1449.68,154381
Hubei,2018,43.78,20.1,25815,42022.0,3088.0,2153.0,2690.0,6211,2949,11.54,7.0,4.54,81.1,36.1,94.13,772.4,124535
Hunan,2018,42.16,21.32,25241,36329.7,2610.0,2891.0,3505.0,7609,3283,12.19,7.08,5.11,64.5,40.4,91.36,780.96,94503
Guangdong,2018,71.38,22.88,35810,99945.2,2542.0,2917.0,3335.0,8849,4021,12.79,4.55,8.24,258.6,36.5,148.27,2116.28,793819
Guangxi,2018,36.19,12.87,21485,19627.8,2602.0,3756.0,4353.0,9760,4499,14.12,5.96,8.16,14.5,16.7,102.42,588.42,44224
Hainan,2018,7.27,1.96,24579,4910.7,2305.0,3362.0,3810.0,8983,4040,14.48,6.01,8.47,6.0,5.5,116.16,126.9,6451
Chongqing,2018,25.88,15.33,26386,21588.8,3081.0,3268.0,3400.0,6814,3132,11.02,7.54,3.48,18.6,13.1,117.7,419.1,72121
Sichuan,2018,66.9,31.26,22461,42902.1,2409.0,2799.0,3154.0,6691,3142,11.05,7.01,4.04,340.5,53.3,108.72,1098.17,152987
Guizhou,2018,40.03,15.17,18430,15353.2,2254.0,4379.0,5051.0,10384,4328,13.9,6.85,7.05,39.1,15.1,109.46,478.98,44508
Yunnan,2018,37.76,13.33,20084,20880.6,2166.0,3147.0,3877.0,7905,2981,13.19,6.32,6.87,162.9,20.9,96.47,677.5,36515
Tibet,2018,3.01,0.47,17286,1548.4,1616.0,2508.0,3840.0,9684,3660,15.22,4.58,10.64,7.7,2.1,90.84,51.45,1469
Shaanxi,2018,30.04,12.84,22528,23941.9,3562.0,2894.0,2830.0,6926,3685,10.67,6.24,4.43,64.1,24.1,121.33,616.8,76512
Gansu,2018,21.07,5.78,17488,8104.1,2258.0,2954.0,3313.0,7222,3596,11.07,6.65,4.42,249.8,10.0,103.74,315.07,27882
Qinghai,2018,5.73,1.71,20757,2748.0,1426.0,3697.0,3726.0,8128,3590,14.31,6.25,8.06,28.2,4.6,113.79,109.87,4439
Ningxia,2018,6.07,2.28,22400,3510.2,2379.0,3330.0,4259.0,8526,3542,13.32,5.54,7.78,7.3,5.4,128.04,144.78,9860
Xinjiang,2018,15.37,5.95,21500,12809.4,1954.0,3631.0,3781.0,9926,6371,10.69,4.56,6.13,53.5,9.5,108.73,396.7,14647
Beijing,2017,15.15,8.06,57230,29883.0,5300.0,1245.0,1226.0,4031,2050,9.06,5.3,3.76,0.8,8.1,172.85,563.1,185928
Tianjin,2017,9.51,5.89,37022,12450.6,4072.0,1820.0,1679.0,4149,1674,7.65,5.05,2.6,0.0,26.0,101.49,287.69,86996
Hebei,2017,50.49,23.24,21484,30640.8,2328.0,2822.0,3481.0,8530,3179,13.2,6.6,6.6,46.0,39.9,100.83,1387.21,61288
Shanxi,2017,28.77,8.22,20420,14484.3,2401.0,3119.0,2940.0,6196,2791,11.06,5.45,5.61,58.0,26.5,98.53,591.98,20697
Inner Mongolia,2017,18.7,10.09,26212,14898.1,1969.0,2559.0,2455.0,5260,2540,9.47,5.74,3.73,126.5,27.1,112.36,480.22,11701
Liaoning,2017,29.19,16.68,27835,21693.0,2859.0,2303.0,2201.0,4445,2179,6.49,6.93,-0.44,108.5,42.7,108.85,727.08,49871
Jilin,2017,20.63,13.36,21368,10922.0,3038.0,2123.0,2264.0,4494,1666,6.76,6.5,0.26,394.8,26.3,105.57,387.15,20450
Heilongjiang,2017,28.67,19.69,21206,12313.0,2403.0,2158.0,2380.0,3623,1472,6.22,6.63,-0.41,54.7,39.7,96.53,435.32,30958
Shanghai,2017,10.87,5.88,58988,32925.0,3498.0,1099.0,1701.0,3243,2367,8.1,5.3,2.8,2.04,22.1,136.4,360.96,131740
Jiangsu,2017,67.55,28.78,35024,85869.8,3045.0,2316.0,2609.0,6753,3257,9.71,7.03,2.68,8.0,34.7,109.69,1612.82,514402
Zhejiang,2017,34.44,15.77,42046,52403.1,2345.0,2635.0,2788.0,6333,3503,11.92,5.56,6.36,46.2,33.8,134.18,1395.8,377115
Anhui,2017,67.38,24.21,21863,29676.2,2250.0,3123.0,3263.0,7110,3242,14.07,5.9,8.17,21.2,29.0,78.09,708.93,175872
Fujian,2017,29.14,10.59,30048,33842.4,2352.0,2717.0,3138.0,7927,4272,15.0,6.2,8.8,17.1,17.1,109.82,557.01,128079
Jiangxi,2017,28.91,11.08,22031,20210.8,2676.0,3150.0,4160.0,9209,3505,13.79,6.08,7.71,118.2,32.3,74.62,465.9,70591
Shandong,2017,62.58,27.25,26930,63012.1,2519.0,2796.0,3311.0,7122,2787,17.54,7.4,10.14,86.8,45.7,99.38,1929.55,204859
Henan,2017,86.97,31.66,20170,44824.9,2455.0,3551.0,4502.0,10303,4458,12.95,6.97,5.98,58.2,40.7,89.48,1274.45,119240
Hubei,2017,47.21,19.93,23757,37235.0,3000.0,2156.0,2527.0,6025,2991,12.6,7.01,5.59,149.7,37.1,84.62,679.81,110234
Hunan,2017,45.77,20.76,23103,33828.1,2419.0,2905.0,3366.0,7500,3357,13.27,7.08,6.19,588.0,44.5,82.85,683.19,77934
Guangdong,2017,75.81,22.03,33003,91648.7,2454.0,3128.0,3238.0,8564,4013,13.68,4.52,9.16,316.2,37.1,132.48,1894.22,627834
Guangxi,2017,37.94,12.0,19905,17790.7,2383.0,3686.0,4206.0,9586,4423,15.14,6.22,8.92,99.0,14.7,89.77,502.13,56988
Hainan,2017,7.58,1.78,22553,4497.5,2261.0,3402.0,3635.0,8828,3973,14.73,6.01,8.72,4.0,5.5,108.83,113.21,4564
Chongqing,2017,26.6,15.08,24153,20066.3,3084.0,3305.0,3249.0,6888,3145,11.18,7.27,3.91,24.5,14.3,106.49,370.47,64648
Sichuan,2017,68.95,31.17,20580,37905.1,2339.0,2889.0,3015.0,6679,3177,11.26,7.03,4.23,153.9,55.8,92.67,990.3,167484
Guizhou,2017,40.36,13.45,16704,13605.4,2129.0,4502.0,5147.0,10185,4316,13.98,6.88,7.1,57.6,14.9,97.36,414.01,34610
Yunnan,2017,40.28,12.71,18348,18486.0,1999.0,3094.0,3925.0,7864,2922,13.53,6.68,6.85,76.6,19.8,88.08,622.66,28695
Tibet,2017,3.41,0.4,15457,1349.0,1678.0,2358.0,3763.0,9520,3213,16.0,4.95,11.05,17.8,1.9,86.11,40.88,1097
Shaanxi,2017,30.06,10.88,20635,21473.5,3582.0,3076.0,2753.0,6617,3804,11.11,6.24,4.87,162.9,23.4,110.04,549.51,98935
Gansu,2017,19.79,5.41,16011,7336.7,2217.0,3098.0,3280.0,7110,3562,12.54,6.52,6.02,105.1,9.6,96.22,287.45,24448
Qinghai,2017,5.97,1.64,19001,2465.1,1391.0,3647.0,3471.0,7843,3495,14.42,6.17,8.25,17.4,4.7,102.09,99.57,3181
Ningxia,2017,6.03,2.22,20562,3200.3,2278.0,3412.0,4136.0,8613,3415,13.44,4.75,8.69,12.0,5.1,116.16,130.94,8575
Xinjiang,2017,18.39,7.44,19975,11159.9,1863.0,3712.0,3761.0,9534,6035,15.88,4.48,11.4,89.1,10.0,92.13,363.15,14260
Beijing,2016,16.62,10.58,52530,27041.2,5028.0,1321.0,1236.0,4000,1921,9.32,5.2,4.12,16.7,8.0,178.06,547.44,189129
Tianjin,2016,9.82,6.52,34074,11477.2,4058.0,1851.0,1657.0,4080,1724,7.37,5.54,1.83,3.6,25.8,96.01,273.69,106514
Hebei,2016,55.19,22.02,19725,28474.1,2191.0,2657.0,3281.0,8358,3153,12.42,6.36,6.06,618.9,39.7,95.33,1245.89,54838
Shanxi,2016,30.01,7.65,19049,11946.4,2439.0,3270.0,2982.0,6198,2705,10.29,5.52,4.77,109.0,26.1,91.42,526.39,20031
Inner Mongolia,2016,19.84,9.84,24127,13789.3,1937.0,2669.0,2439.0,5329,2419,9.03,5.69,3.34,179.8,26.7,98.04,418.53,10672
Liaoning,2016,31.26,16.01,26040,20392.5,2845.0,2297.0,2233.0,4538,2083,6.6,6.78,-0.18,45.9,47.3,101.13,659.41,52603
Jilin,2016,22.15,12.92,19967,10427.0,3048.0,2040.0,2195.0,4592,1683,5.55,5.6,-0.05,98.7,25.7,97.14,352.93,18922
Heilongjiang,2016,30.63,18.72,19838,11895.0,2427.0,2193.0,2371.0,3776,1385,6.12,6.61,-0.49,160.4,39.6,90.69,394.19,35293
Shanghai,2016,12.52,8.26,54305,29887.0,3327.0,1120.0,1711.0,3270,2304,9.0,5.0,4.0,0.2,24.3,130.44,322.87,119937
Jiangsu,2016,71.61,26.13,32070,77350.9,2937.0,2318.0,2444.0,6547,3225,9.76,7.03,2.73,120.9,35.2,102.5,1427.91,512429
Zhejiang,2016,36.68,14.71,38529,47254.0,2355.0,2589.0,2714.0,6410,3463,11.22,5.52,5.7,167.3,33.9,129.27,1257.35,393147
Anhui,2016,71.34,21.72,19998,26307.7,2259.0,3145.0,3161.0,7005,3136,13.02,5.96,7.06,564.0,30.4,70.1,600.81,172552
Fujian,2016,31.46,9.63,27608,29609.4,2438.0,2787.0,3008.0,7780,4079,14.5,6.2,8.3,473.5,16.3,107.36,493.64,130376
Jiangxi,2016,30.2,10.21,20110,18388.6,2698.0,3125.0,3948.0,9259,3483,13.45,6.16,7.29,106.0,31.3,68.39,399.29,60494
Shandong,2016,67.07,25.45,24685,58762.5,2620.0,2837.0,3208.0,7021,2795,17.89,7.05,10.84,72.6,45.8,96.46,1723.34,212911
Henan,2016,96.9,27.75,18443,40249.3,2352.0,3458.0,4386.0,10186,4311,13.26,7.11,6.15,124.6,43.6,82.76,1104.47,94669
Hubei,2016,51.38,18.31,21787,33353.0,2950.0,2239.0,2418.0,5915,2904,12.04,6.97,5.07,837.7,32.9,79.59,588.69,95157
Hunan,2016,49.94,19.35,21115,30853.5,2251.0,2787.0,3318.0,7398,3316,13.57,7.01,6.56,265.5,44.9,73.2,595.8,67779
Guangdong,2016,78.61,21.19,30296,82163.2,2431.0,3344.0,3206.0,8344,3887,11.85,4.41,7.44,146.9,38.0,130.46,1674.64,505667
Guangxi,2016,39.4,11.28,18305,16116.6,2279.0,3602.0,4144.0,9411,4371,13.82,5.95,7.87,28.5,18.1,78.01,424.9,59239
Hainan,2016,7.83,1.66,20653,4090.2,2258.0,3371.0,3554.0,8711,3815,14.57,6.0,8.57,79.3,5.1,102.75,96.32,3658
Chongqing,2016,27.85,13.9,22034,18023.0,3059.0,3461.0,3202.0,6955,3091,11.77,7.24,4.53,47.9,15.7,94.48,327.47,59518
Sichuan,2016,72.71,29.62,18808,33138.5,2314.0,3025.0,2984.0,6698,3161,10.48,6.99,3.49,77.5,56.3,88.29,880.8,142522
Guizhou,2016,45.32,12.1,15121,11792.4,2005.0,4583.0,5358.0,10011,4097,13.43,6.93,6.5,173.3,14.8,86.71,348.7,25315
Yunnan,2016,44.61,11.93,16720,16369.0,1889.0,2965.0,3950.0,7942,2773,13.16,6.55,6.61,141.0,20.1,82.65,552.05,23709
Tibet,2016,3.01,0.35,13639,1173.0,1765.0,2316.0,3712.0,9349,2987,15.79,5.11,10.68,33.0,1.8,85.9,37.48,712
Shaanxi,2016,33.24,10.14,18874,19045.8,3540.0,3101.0,2771.0,6375,3774,10.64,6.23,4.41,78.4,22.7,100.02,491.23,69611
Gansu,2016,21.91,5.03,14670,6907.9,2189.0,3295.0,3370.0,7006,3431,12.18,6.18,6.0,91.3,9.8,84.44,277.25,20276
Qinghai,2016,6.12,1.52,17302,2258.2,1319.0,3637.0,3536.0,7787,3398,14.7,6.18,8.52,32.1,4.6,90.95,88.65,3284
Ningxia,2016,6.2,1.95,18832,2781.4,2225.0,3489.0,4112.0,8726,3087,13.69,4.72,8.97,17.4,5.1,106.15,115.34,6149
Xinjiang,2016,21.41,9.36,18355,9630.8,1780.0,3565.0,3792.0,9150,3896,15.34,4.26,11.08,121.2,9.7,88.91,327.06,14105
Beijing,2015,16.6,8.22,48458,24779.1,5218.0,1426.0,1317.0,3951,1831,7.96,4.95,3.01,1.3,7.8,181.73,533.81,156312
Tianjin,2015,10.12,5.19,31291,10879.5,4185.0,1866.0,1724.0,3969,1665,5.84,5.61,0.23,1.38,25.1,88.54,273.62,79963
Hebei,2015,60.94,19.9,18118,26398.4,2141.0,2555.0,3198.0,8075,3138,11.35,5.79,5.56,107.5,39.4,82.63,1075.03,44060
Shanxi,2015,34.68,7.22,17854,11836.4,2504.0,3486.0,3089.0,6221,2694,9.98,5.56,4.42,103.3,25.6,88.46,468.97,14948
Inner Mongolia,2015,21.79,9.19,22310,12949.0,2035.0,2779.0,2553.0,5244,2369,7.72,5.32,2.4,113.5,25.9,94.66,373.61,8876
Liaoning,2015,31.7,15.23,24576,20210.3,2876.0,2334.0,2307.0,4554,2074,6.17,6.59,-0.42,65.1,46.2,97.89,582.5,42153
Jilin,2015,23.45,12.74,18684,10018.0,3169.0,2111.0,2164.0,4650,1685,5.87,5.53,0.34,81.9,23.9,91.22,313.74,14800
Heilongjiang,2015,31.82,18.98,18593,11690.0,2518.0,2313.0,2348.0,3856,1389,6.0,6.6,-0.6,39.5,41.0,87.36,351.75,34611
Shanghai,2015,14.18,6.66,49867,26887.0,3330.0,1149.0,1700.0,3292,2209,7.52,5.07,2.45,3.5,24.8,129.69,282.23,100006
Jiangsu,2015,78.6,22.93,29539,71255.9,2896.0,2407.0,2346.0,6277,3150,9.05,7.03,2.02,84.9,36.0,100.21,1240.91,428337
Zhejiang,2015,39.25,13.96,35537,43507.7,2414.0,2647.0,2686.0,6481,3452,10.52,5.5,5.02,228.2,33.7,131.5,1120.58,307264
Anhui,2015,73.91,18.12,18363,23831.2,2309.0,3318.0,3125.0,6946,3052,12.92,5.94,6.98,118.9,30.9,68.17,498.7,127709
Fujian,2015,34.94,8.93,25404,26819.5,2508.0,2889.0,2978.0,7575,3974,13.9,6.1,7.8,189.1,15.4,108.2,435.37,83146
Jiangxi,2015,30.62,9.52,18437,16780.9,2654.0,3308.0,3884.0,9298,3660,13.2,6.24,6.96,69.7,29.9,66.37,338.94,36936
Shandong,2015,70.1,24.09,22703,55288.8,2516.0,2941.0,3175.0,6892,2776,12.55,6.67,5.88,80.7,43.7,92.3,1510.81,193220
Henan,2015,109.44,25.23,17125,37084.1,2293.0,3454.0,4290.0,9931,4169,12.7,7.05,5.65,44.0,42.5,79.51,952.01,74373
Hubei,2015,57.3,16.69,20026,30344.0,3038.0,2294.0,2348.0,5774,2795,10.74,5.83,4.91,82.2,33.4,77.42,498.63,74240
Hunan,2015,54.27,18.09,19317,28538.6,2215.0,2720.0,3301.0,7256,3215,13.58,6.86,6.72,126.7,45.1,69.17,507.88,54501
Guangdong,2015,84.04,19.34,27859,74732.4,2434.0,3589.0,3313.0,8102,3751,11.12,4.32,6.8,315.3,37.0,133.47,1471.4,355939
Guangxi,2015,42.13,10.44,16873,14797.8,2178.0,3611.0,4129.0,9258,4352,14.05,6.15,7.9,48.5,18.1,74.96,363.82,43696
Hainan,2015,8.31,1.51,18979,3734.2,2290.0,3433.0,3642.0,8563,3545,14.57,6.0,8.57,14.2,4.8,98.16,83.29,3127
Chongqing,2015,29.26,13.73,20110,16040.5,3071.0,3702.0,3211.0,6932,3061,11.05,7.19,3.86,22.0,14.3,90.76,278.61,82791
Sichuan,2015,74.15,28.62,17221,30342.0,2312.0,3162.0,3027.0,6655,3049,10.3,6.94,3.36,132.0,54.6,82.87,767.13,110746
Guizhou,2015,49.26,10.84,13697,10541.0,1819.0,4683.0,5643.0,9872,3719,13.0,7.2,5.8,72.6,14.5,83.34,292.61,18295
Yunnan,2015,45.82,10.91,15223,14960.0,1819.0,2897.0,4018.0,8014,2745,12.88,6.48,6.4,141.9,19.5,78.87,484.23,17603
Tibet,2015,1.54,0.24,12254,1043.0,1766.0,2319.0,3696.0,9192,2766,15.75,5.1,10.65,107.2,1.8,82.93,33.18,309
Shaanxi,2015,35.6,9.73,17395,17898.8,3628.0,3320.0,2837.0,6175,3701,10.1,6.28,3.82,72.7,22.3,94.04,438.12,74904
Gansu,2015,22.03,4.62,13467,6556.6,2194.0,3517.0,3509.0,6956,2706,12.36,6.15,6.21,61.6,9.5,80.99,239.36,14584
Qinghai,2015,5.11,1.28,15813,2011.0,1275.0,3659.0,3656.0,7787,3160,14.72,6.17,8.55,12.0,4.4,87.88,78.18,2590
Ningxia,2015,6.09,1.81,17329,2579.4,2244.0,3672.0,4144.0,8814,2914,12.62,4.58,8.04,8.3,4.9,95.32,100.94,4394
Xinjiang,2015,27.66,10.18,16859,9306.9,1759.0,3385.0,3949.0,8916,3526,15.59,4.51,11.08,155.8,10.3,85.96,294.47,12250
Beijing,2014,17.0,6.56,44489,22926.0,5429.0,1630.0,1451.0,3883,1726,9.75,4.92,4.83,10.5,7.4,189.46,530.83,138111
Tianjin,2014,9.94,4.45,28832,10640.6,4283.0,1924.0,1815.0,3893,1629,8.19,6.05,2.14,1.3,22.5,89.12,274.14,63422
Hebei,2014,66.13,18.57,16647,25208.9,2098.0,2579.0,3121.0,7696,2957,13.18,6.23,6.95,135.1,38.3,84.36,930.08,30000
Shanxi,2014,35.07,6.56,16538,12094.7,2519.0,3686.0,3358.0,6185,2667,10.92,5.93,4.99,50.8,24.5,91.35,424.36,15687
Inner Mongolia,2014,21.68,8.84,20559,12158.2,2156.0,2941.0,2681.0,5191,2238,9.31,5.75,3.56,113.1,24.8,105.18,342.14,6359
Liaoning,2014,34.51,15.27,22820,20025.7,2933.0,2427.0,2405.0,4521,1991,6.49,6.23,0.26,169.6,41.0,103.29,520.04,37860
Jilin,2014,23.52,12.21,17520,9966.5,3168.0,2207.0,2264.0,4612,1679,6.62,6.22,0.4,117.4,23.2,94.91,284.57,11933
Heilongjiang,2014,35.23,18.73,17404,12170.8,2555.0,2381.0,2389.0,3875,1397,7.37,6.46,0.91,55.8,39.9,90.21,322.78,31856
Shanghai,2014,14.19,6.15,45966,25269.8,3348.0,1197.0,1767.0,3325,2082,8.35,5.21,3.14,2.04,25.6,135.74,255.03,81664
Jiangsu,2014,83.45,21.83,27173,64830.5,2858.0,2542.0,2333.0,5938,2948,9.45,7.02,2.43,14.0,36.6,101.39,1095.45,421907
Zhejiang,2014,43.68,13.58,32658,40023.5,2408.0,2726.0,2727.0,6448,3379,10.51,5.51,5.0,64.4,33.1,133.82,1012.05,261435
Anhui,2014,79.89,17.1,16796,22519.7,2245.0,3583.0,3191.0,6885,2868,12.86,5.89,6.97,29.4,31.5,69.31,422.46,99160
Fujian,2014,37.53,8.73,23331,24942.1,2513.0,3030.0,2983.0,7277,3859,13.7,6.2,7.5,45.4,14.3,112.37,386.6,58075
Jiangxi,2014,37.12,8.94,16734,15667.8,2527.0,3286.0,3870.0,9132,3524,13.24,6.26,6.98,72.8,29.4,64.69,287.68,25594
Shandong,2014,83.18,23.41,20864,50774.8,2421.0,3099.0,3234.0,6662,2700,14.23,6.84,7.39,82.4,43.1,88.5,1350.25,158619
Henan,2014,117.58,23.09,15695,34574.8,2203.0,3480.0,4242.0,9865,3922,12.8,7.02,5.78,118.7,40.0,81.74,969.28,62434
Hubei,2014,62.19,15.74,18283,28242.1,3121.0,2393.0,2373.0,5538,2653,11.86,6.96,4.9,68.4,37.9,79.21,422.23,59050
Hunan,2014,62.2,17.6,17622,25881.3,2160.0,2712.0,3298.0,7082,3037,13.52,6.89,6.63,206.5,47.3,70.15,434.48,44194
Guangdong,2014,89.15,17.79,25685,68173.0,2356.0,3802.0,3540.0,7816,3564,10.8,4.7,6.1,337.1,36.8,139.35,1331.84,278358
Guangxi,2014,47.23,10.09,15557,13587.8,2052.0,3676.0,4134.0,9150,4182,14.07,6.21,7.86,191.7,18.7,74.75,316.53,32298
Hainan,2014,9.0,1.41,17476,3449.0,2317.0,3648.0,3768.0,8407,3506,14.56,5.95,8.61,177.4,4.3,100.44,75.11,2416
Chongqing,2014,30.45,13.26,18352,14623.8,3017.0,3849.0,3298.0,6849,3012,10.67,7.05,3.62,98.5,13.4,86.58,237.04,55298
Sichuan,2014,77.42,27.5,15749,28891.3,2244.0,3312.0,3187.0,6554,2970,10.22,7.02,3.2,205.4,54.4,81.18,666.92,91167
Guizhou,2014,43.72,9.57,12371,9173.1,1690.0,4422.0,5906.0,9888,3423,12.98,7.18,5.8,198.0,14.1,82.25,244.72,22467
Yunnan,2014,46.48,10.05,13772,14041.7,1731.0,2897.0,4050.0,8166,2658,12.65,6.45,6.2,444.2,19.2,79.52,429.74,13343
Tibet,2014,1.96,0.26,10730,939.7,1676.0,2329.0,3983.0,9458,2600,15.76,5.21,10.55,1.9,1.7,91.9,29.47,248
Shaanxi,2014,38.12,8.51,15837,17402.5,3652.0,3598.0,2968.0,6015,3527,10.13,6.26,3.87,93.4,22.3,95.55,384.88,56235
Gansu,2014,20.18,4.22,12185,6518.4,2219.0,3755.0,3760.0,6980,2402,12.21,6.11,6.1,74.6,9.7,79.46,185.31,12020
Qinghai,2014,5.4,1.25,14374,1847.7,1220.0,3651.0,3669.0,7980,3028,14.67,6.18,8.49,9.3,4.2,93.24,68.84,1534
Ningxia,2014,5.6,1.58,15907,2473.9,2255.0,3772.0,4254.0,8999,2765,13.1,4.53,8.57,16.6,5.0,104.04,91.05,3532
Xinjiang,2014,27.92,10.8,15097,9264.5,1749.0,3277.0,4025.0,8581,3322,16.44,4.97,11.47,170.1,11.2,90.38,272.21,10210
Beijing,2013,16.37,6.46,40830,21134.6,5469.0,1912.0,1501.0,3815,1685,8.93,4.52,4.41,4.8,7.5,159.53,517.11,123336
Tianjin,2013,10.26,4.53,26359,9945.4,4346.0,2077.0,1845.0,3907,1651,8.28,6.0,2.28,1.0,21.7,89.88,261.58,60915
Hebei,2013,74.08,17.88,15190,24259.6,2108.0,2745.0,2866.0,7495,2922,13.04,6.87,6.17,113.3,37.2,81.91,816.29,27619
Shanxi,2013,38.4,6.1,15120,11987.2,2474.0,3872.0,3576.0,6359,2635,10.81,5.57,5.24,146.9,21.1,85.55,378.27,18859
Inner Mongolia,2013,22.16,8.07,18693,11392.4,2137.0,3048.0,2765.0,5263,2070,8.98,5.62,3.36,128.9,23.8,107.73,306.87,6388
Liaoning,2013,36.96,15.21,20818,19208.8,2903.0,2539.0,2409.0,4657,1951,6.09,6.12,-0.03,125.2,39.6,104.41,457.05,45996
Jilin,2013,25.41,12.4,15998,9427.9,3033.0,2513.0,2345.0,4952,1607,5.36,5.04,0.32,133.3,22.6,86.22,248.35,10751
Heilongjiang,2013,37.66,17.83,15903,11849.1,2529.0,2658.0,2433.0,4017,1410,6.86,6.08,0.78,325.2,41.4,78.76,289.81,32264
Shanghai,2013,14.95,6.96,42174,23204.1,3421.0,1308.0,1835.0,3330,2105,8.18,5.24,2.94,3.7,25.3,132.52,234.91,86450
Jiangsu,2013,90.38,21.66,24776,59349.4,2814.0,2738.0,2345.0,5497,2927,9.44,7.01,2.43,32.7,37.6,100.03,944.35,504500
Zhejiang,2013,42.22,13.24,29775,37334.6,2363.0,2887.0,2707.0,6383,3412,10.01,5.45,4.56,695.9,33.4,128.62,901.99,294014
Anhui,2013,80.56,15.62,15154,20584.0,2203.0,3794.0,3335.0,6834,2805,12.88,6.06,6.82,206.4,32.4,65.65,358.74,93353
Fujian,2013,39.59,8.26,21218,22503.8,2435.0,3341.0,2957.0,6933,3823,12.2,6.01,6.19,120.8,14.7,114.02,332.97,53701
Jiangxi,2013,39.37,8.61,15100,14300.2,2381.0,3336.0,3895.0,9061,3471,13.19,6.28,6.91,90.2,27.4,62.07,246.84,16938
Shandong,2013,89.14,22.51,19008,47344.3,2304.0,3213.0,3283.0,6463,2710,11.41,6.4,5.01,89.7,42.2,85.62,1199.71,155170
Henan,2013,126.24,20.95,14204,31632.5,2114.0,3571.0,4094.0,9993,3689,12.27,6.76,5.51,109.6,40.2,76.49,700.69,55920
Hubei,2013,64.58,15.09,16472,25378.0,3144.0,2607.0,2567.0,5680,2550,11.08,6.15,4.93,145.0,40.2,76.16,354.4,50816
Hunan,2013,62.06,16.73,16005,23545.2,2106.0,2797.0,3228.0,7046,2880,13.5,6.96,6.54,282.7,45.6,68.3,366.74,41336
Guangdong,2013,87.47,17.7,23421,62503.4,2199.0,4239.0,3821.0,7626,3347,10.71,4.69,6.02,489.8,38.0,138.16,1177.37,264265
Guangxi,2013,47.19,9.32,14082,12448.4,1939.0,3727.0,4167.0,9104,3881,14.28,6.35,7.93,63.1,18.0,62.2,276.29,23251
Hainan,2013,9.12,1.32,15733,3115.9,2253.0,3846.0,3910.0,8345,3368,14.59,5.9,8.69,37.5,3.9,95.87,64.8,2359
Chongqing,2013,30.31,13.37,16569,13027.6,2894.0,3989.0,3455.0,6754,3033,10.37,6.77,3.6,51.1,12.1,80.16,192.77,49036
Sichuan,2013,77.68,26.83,14231,26518.0,2140.0,3497.0,3365.0,6513,2866,9.9,6.9,3.0,1202.6,42.9,77.5,573.03,82453
Guizhou,2013,42.98,8.57,11083,7973.1,1535.0,3943.0,6036.0,10205,3093,13.05,7.15,5.9,129.0,13.7,76.03,201.0,17405
Yunnan,2013,45.21,9.13,12578,12825.5,1662.0,2860.0,4023.0,8416,2555,12.6,6.43,6.17,154.2,18.1,72.46,374.01,11512
Tibet,2013,1.16,0.18,9740,828.2,1528.0,2292.0,4095.0,9571,2383,15.77,5.39,10.38,42.0,1.6,85.13,26.72,203
Shaanxi,2013,39.57,8.06,14372,15905.4,3612.0,4012.0,3202.0,6057,3387,10.01,6.15,3.86,231.7,21.1,93.32,336.08,57287
Gansu,2013,18.65,3.85,10954,6014.5,2193.0,4048.0,4018.0,7243,2133,12.16,6.08,6.08,542.7,9.3,76.53,156.38,10976
Qinghai,2013,4.75,1.08,12948,1713.3,1162.0,3638.0,3632.0,8283,2909,14.16,6.13,8.03,13.6,4.2,93.88,58.84,1099
Ningxia,2013,6.38,1.59,14566,2327.7,2195.0,4097.0,4401.0,9335,2613,13.12,4.5,8.62,15.4,4.7,95.87,79.23,3230
Xinjiang,2013,26.07,10.91,13670,8392.6,1681.0,3266.0,4113.0,8484,3220,15.84,4.92,10.92,80.4,11.9,94.24,236.96,8224
